Name;URL;Ingredients;Instructions
Keto Paprika And Garlic Roasted Radishes;https://www.carbmanager.com/recipe/keto-paprika-and-garlic-roasted-radishes;"Radish, Raw
10-_ ounce
(298g)
Olive Oil
1-_ tablespoon
(20g or 0.71 oz)
Gourmet Collection Smoked Paprika by Mccormick
1-_ tsp
Garlic, Fresh
1 clove
(3g or 0.11 oz)
Rosemary, Fresh
1 teaspoon
Salt, Sea Salt
_ teaspoon
(2g or 0.07 oz)
Black Pepper
_ teaspoon";"1. Preheat the oven to 400 degrees Fahrenheit.
2. Add the olive oil to a small mixing bowl. Mince the garlic and add to the bowl along with the rosemary, paprika, salt and pepper. Stir well to combine.
"
PAPRIKA ROASTED RADISHES WITH ONIONS Ð LOW CARB, WHOLE30;https://peaceloveandlowcarb.com/paprika-roasted-radishes-with-onions-low-carb-gluten-free-paleo/;"2 large bunches radishes, cleaned and halved
small onion, cut into large chunks
2 tbsp butter or ghee, melted
2 tbsp olive oil
1 tsp fennel seeds (get them here)
1/2 tsp smoked paprika
sea salt and black pepper, to taste";"Preheat oven to 350¡ Line a rimmed baking sheet with parchment paper.
In a mixing bowl, combine radishes and onion. To the bowl, add butter, olive oil, fennel seeds, paprika, sea salt and black pepper. Toss until radishes and onions are evenly coated.
Pour radishes and onions in a single layer onto the parchment paper. Pour any extra butter and seasoning over the top.
Bake for 20 minutes."
Roasted Radishes With Rosemary And Smoked Paprika;https://deliciousaffood.com/roasted-radishes-rosemary-paprika/;"20 radishes (sliced in half)
1 tbsp fresh rosemary (roughly chopped)
1/2 tsp salt
1/4 tsp black pepper
1/2 tsp smoked paprika
2 tbsp extra virgin olive oil";"Preheat your oven to 425.

Wash and slice the radishes in half and place them in a large bowl. 

Add fresh rosemary, salt, black pepper, smoked paprika and extra virgin olive oil to the bowl. Gently mix until everything is combined and the radishes are fully coated in the seasoning. 

Transfer the radishes to a baking sheet and pop them in the over for 20 minutes.

Serve warm and enjoy!"